Type,Name,Request Count,Failure Count,Median Response Time,Average Response Time,Min Response Time,Max Response Time,Average Content Size,Requests/s,Failures/s,50%,66%,75%,80%,90%,95%,98%,99%,99.9%,99.99%,100%
POST,/transliterate/bn,24,24,66,70.63814999795188,61.31349998759106,184.892299992498,119.0,0.20341290418142716,0.20341290418142716,66,67,67,68,69,69,180,180,180,180,180
POST,/transliterate/gu,29,29,66,67.72458275924598,62.5655000039842,112.54509999707807,119.0,0.24579059255255784,0.24579059255255784,66,66,67,67,70,77,110,110,110,110,110
POST,/transliterate/hi,30,30,65,66.74110999980864,62.85309999657329,84.44399999279995,119.0,0.25426613022678396,0.25426613022678396,66,67,68,68,69,75,84,84,84,84,84
POST,/transliterate/kn,29,29,66,68.63791034767677,62.789699994027615,95.35329999926034,119.0,0.24579059255255784,0.24579059255255784,66,67,68,75,80,83,95,95,95,95,95
POST,/transliterate/mr,36,36,66,66.78956388997095,62.735700004850514,83.83550000144169,119.0,0.30511935627214076,0.30511935627214076,66,66,67,67,69,76,84,84,84,84,84
POST,/transliterate/pa,24,24,67,78.42320416724154,63.63269999565091,203.43349999166094,119.0,0.20341290418142716,0.20341290418142716,68,69,70,70,78,200,200,200,200,200,200
POST,/transliterate/ta,31,31,66,79.65986451627911,61.94409998715855,380.0447000103304,119.0,0.2627416679010101,0.2627416679010101,66,67,68,71,88,110,380,380,380,380,380
POST,/transliterate/te,25,25,65,66.04240800021216,62.934000001405366,75.13969999854453,119.0,0.2118884418556533,0.2118884418556533,65,66,66,67,69,72,75,75,75,75,75
,Aggregated,228,228,66,70.43490526363409,61.31349998759106,380.0447000103304,119.0,1.932422589723558,1.932422589723558,66,67,68,68,74,83,110,200,380,380,380
